                  epoch,         train/box_loss,         train/cls_loss,         train/dfl_loss,   metrics/precision(B),      metrics/recall(B),       metrics/mAP50(B),    metrics/mAP50-95(B),           val/box_loss,           val/cls_loss,           val/dfl_loss,                 lr/pg0,                 lr/pg1,                 lr/pg2
                      1,                 2.6593,                 4.1367,                 4.1755,                0.01801,                0.21167,                0.16271,                 0.0589,                 2.3293,                  4.496,                 3.9276,             0.00036635,             0.00036635,             0.00036635
                      2,                 2.5653,                 3.2133,                  3.736,                0.71138,                0.15494,                0.17618,                0.06163,                 2.2613,                 9.2566,                  3.898,             0.00059082,             0.00059082,             0.00059082
                      3,                 2.3748,                 2.6798,                 3.4876,                0.40866,                 0.2999,                0.26142,                0.12238,                 1.9914,                 3.3279,                 3.2252,             0.00066864,             0.00066864,             0.00066864
                      4,                 2.2343,                 2.4295,                 3.3894,                0.45504,                 0.5582,                0.46855,                0.18202,                 1.9467,                 2.7993,                 3.2109,             0.00045107,             0.00045107,             0.00045107
                      5,                 2.1807,                 2.3293,                 3.3357,                0.52483,                0.59639,                0.59393,                0.27128,                 1.7757,                 2.5237,                 3.0547,             0.00023109,             0.00023109,             0.00023109
