                  epoch,         train/box_loss,         train/cls_loss,         train/dfl_loss,   metrics/precision(B),      metrics/recall(B),       metrics/mAP50(B),    metrics/mAP50-95(B),           val/box_loss,           val/cls_loss,           val/dfl_loss,                 lr/pg0,                 lr/pg1,                 lr/pg2
                      1,                 1.3775,                  2.745,                 1.5524,                0.98428,                0.15858,                0.54341,                0.32693,                 1.1053,                 3.5606,                 1.5102,             0.00036635,             0.00036635,             0.00036635
                      2,                 1.2483,                 1.4977,                 1.4506,                0.86682,                0.89619,                0.93866,                0.60494,                 1.1263,                 1.8749,                 1.5284,             0.00059082,             0.00059082,             0.00059082
                      3,                 1.1844,                 1.2842,                  1.392,                0.92649,                 0.9338,                 0.9616,                0.66769,                 1.0138,                 1.4155,                  1.464,             0.00066864,             0.00066864,             0.00066864
                      4,                 1.1012,                 1.1165,                 1.3381,                0.96252,                0.98561,                0.98131,                0.69099,                  1.026,                  1.164,                 1.4535,             0.00045107,             0.00045107,             0.00045107
                      5,                 1.0692,                 1.0352,                 1.3049,                0.96902,                0.98862,                0.98354,                0.74932,                0.86288,                 1.0257,                 1.3056,             0.00023109,             0.00023109,             0.00023109
